{"cameraMode":{"drawMode":0,"name":"Shaded","section":"Shading Mode"},"sceneLighting":true,"audioPlay":false,"sceneViewState":{"showFog":true,"showMaterialUpdate":false,"showSkybox":true,"showFlares":true,"showImageEffects":true,"showParticleSystems":true},"in2DMode":false,"pivot":{"x":549.8319702148438,"y":216.36773681640626,"z":882.2427978515625},"rotation":{"x":-0.03629976883530617,"y":0.011089601553976536,"z":-0.00040280824759975076,"w":-0.9992793798446655},"size":1454.8099365234375,"orthographic":false}